hash,size,representative_id,member_ids,folders
ea751e1a283760d7a6ae15d81a25f0bb854d9e3d1c1d7cc5632f4410e957d327,36,07bb5ea534ac974f79387bd846b3f3faefa806398ff99dff40dd68eb04bb57c3,07bb5ea534ac974f79387bd846b3f3faefa806398ff99dff40dd68eb04bb57c3|0a50fe04dfdfe545250b138472efdfb98bb4cb6301c4da1bde839cb9de0078f0|14dddfc597d3da0efaefd09317121c79384f9d86d5c82b24ed15131285efbc56|2a85841885efb3ebef71ae062a852f45cd960df96767c2541d970a94e842da57|35828e0bb7169ae491978030c33e62df8ed1409c4a032762948af8ac2c022591|3babd06ee5f6178cca7733c52dce20389f71032389b8da10c43af147a11e2c80|3c03da36e7b3505e6fc148730e233b62cf5ba290e04a2d1eb74e6f380220370f|3d64f153509bf55f581e4a229b5b27b2871898edf502bb4ed09d56e88ecde77f|3ffb2fa6c92fcb157274de6d67c410540001b580ba44f407bd98dad84da769b2|41df751051a4bb69bb2080551bfbc6907abfa8149d451f3428e15188e90fa9a5|499b4bf42c3aab7f503a4f53e7cb7c82feaa101e270d16681ec7a357ce3a9915|55b0fd62f8283f872b0d1329273e627b1014ce79e0f887b2fa1778d45db19135|73b4d25b8327c939b081d478ec09006d3cd209e47ed40279e43cabcab09a35a5|7805cb25c274d01023f9e807d766ca8dffcd1ee5667f422bc5625ec49df47852|78b8d5ae3eb54847f30730f93c4568c7faa86c5fe29745636653e5108eaee64b|79546b36a391fc27bdac19d61b82d1810fb0631a8a8442c89b42b5b0d339ab3c|7a333e601df4385f0b2ab37e3c230acd1a301ef016c6b9b74ea48f852fe94fb9|875efaf0b91fdb41c818732a757b0f69e23a7aae759964555a0ba79a69cdd77d|87ed41ec5d2513972ef4c8bdadc2ac396bde6817f5cb50c37ef62557283fbbaa|96b0f3bcaf0b24378157e7a837fc2945453775f38ba693448ff66a6d66efea24|97a242be4f2a0ebf4ea8f2bf677d3bef727111440ce2f679ce48e9d3e5d1e80d|9c4a915bb8b0b9b0a0c156de10652e91809a5c167fc5b087135f426ab6ad47fd|9cf18e56c51768171e12424caa03b529089ceb9dfed685f5aef0839903862421|9e4f5dd37d16912d3051ed9af2c8212691b3738d12aa3b2ae7d6eeedd0d1a3c3|a43a6912e88bba22d1fd9af84274363043e910b9016131772b2043081844a0dd|addaa99bab42b583f1bb69d2d3316f9e0d4fcb0b7caa5d47b5ada3caca897f64|b53f47a343feb9c19fbb6f19a3f3ade61a4481c58e808fe4b317ab7b73cc7b7d|c900c346abd31c2c976e384442b6df241d4f9cd2b094686e2251f6b860aaa16d|d690722b78b0964babf576ff8567172e403f2068b60febe8a25980003e8a4ad5|d78e8c56a5452baaf15820a35e2c305ec71be298f59eed4cd1a6f66e4431c6fa|e0d091b8d0673d1ffc4901554dc7eb003fb5b1b21d89115d2175761f8e714328|e2c23a0693ed5808b116bdfc80215199fd4ffab3df168655787aa625728c6fb2|ee542740b4fa22e421029e6414d0f21058f40e5a39be225f264e45e154105c6c|fb039dc382c7ed1c195d05e311c0fbc408f126f5eedea38306bd5fbb6020d00f|fda33756c92cece0836ec2a5f5ce2f47aaa8f7b1e86dd4c7d1295e4dd2067d31|ff8a13e4453343bbe9df2c0eb0330689c841aa9d97465e6285f3816be019e012,"CallToUnknown,IntegerUO,NonVulnerable"
18276ab01d40d3004f69f379ebcd2344bd7e5d1e7e8891e863336b84d89b1e64,14,07bc49686ac34cf462a42ff9d51a9d491b967945ba864b60a7442a961490b16e,07bc49686ac34cf462a42ff9d51a9d491b967945ba864b60a7442a961490b16e|1985cb9a111fd42aa81c4de15cbbbfb5417610255b33c0dd2ddce0edaf51953f|21b4c139319828907974e2c6ec0f756f9aaff953fafb949583de6245f7e68385|3df9039766621d0bee5475a837a8a03e202c6c276eecf480f7501dd5572f4a86|544d9ff5c039dfa5f98a6229a6295e3d5330bd90229b1356dbc1488bd079e54d|750db3599485ebd4c5593987fee3e1ea9d8f8d3f03b3dd0876188acc24a58ad6|795b1489e3511490f55052056d4d2587e26f673d5b858954adad23de88247c8f|7b017fd25055f7f59c6563523e8ae649f1abcae2f523b5bd6d4437fa83fa47fb|8b0787adfb44a474a8c69f8492bf22e84d0b646cb3b13e77a4e956371ed4550a|9de118eb369d9068b20093d97cf579cd2ab3e9e40cfc61f96c2779fadc3866fd|b3e2d23eebeafcd4ffce059a5e508ba3f85c73063e05aa9e47789a16b02d3d46|d416fe612bd57e3e6085b1b006aba70cfd59144282084d2efebe927d4c9c5966|ece6d2b7dc8c6a9cbeb53ab9fb8c56a1423eb3ad84c0dcabb481381db083fb44|f6977674c9f509e97045072949c19e472458126dcb7cac49008ff0bdc1f744d9,"IntegerUO,NonVulnerable"
c0d5f9611b05f29263b4a554df694dfda644d3ad17b81b545d6a52784d89702c,11,1381fa24fc0ad3ccdaa13865422025b66a66555e87efa848c723c78044dad44e,1381fa24fc0ad3ccdaa13865422025b66a66555e87efa848c723c78044dad44e|1d7338d91c5a2d229966a0f8aa2a6e8b3a5b30a7f4afae128f936f05d44f3bf4|287fd8df5536e60595c064f7b5bb9f42dd8c1fa0d0a39e1f125e5d9d56909a8e|3d7f4fcd1cd41919abbfcbf8ebd9c6d15491cb1d237b55c9c167c1f5c622d584|4e9baf6ce5fefc2319ca9f0341d2010aba2656a711bb0f0c64cc64f911f3916f|87ec4b0c144f93fa7711d4f94f2b8800a256eba48778bdae0209cbd696f7a88a|8d73c3dfc8bb834337d3ef35d0ca83d25f9e03f77be2e6f4065711f91aa572cd|972a41b0736ae7d624d97bbf5421a31391574c8b63c200d3b655a3eb07121ab7|ab182b5f7263d40015f47d8c9be3d452bc800e9a223f4055a43db806ab03758a|b5014e9a65f309ea54151bfefa5550e55d547ad2a6cd73a49ece384d37b55600|b97faa493336a890f156d3701c065e3f573a9569697d04096feff5b28e0f9bcf,"CallToUnknown,ExternalBug,IntegerUO,NonVulnerable"
171523a0fc80cfe9ea0847cf5c49f72068713cc7bda8729fc158b6cc6317950c,11,2c70367b0d0062addd17565c51d4ca72df471558b1aaecaf993abb9e940d8209,2c70367b0d0062addd17565c51d4ca72df471558b1aaecaf993abb9e940d8209|3cd8857b034bb7c809d4f31fd782054912a346532ca17a869d2c27b6b0232319|462c7cd72297fafe7a1d707fd3abe1c68e44865ae366195e2307fd90bb348cdf|52686d06b7c38b0d2b3112590996dca0fb4540280649a852e8c4086e5eb59fef|8278c803a7e57bc114ccf73d07af8bf2d498a968d1b4d3e566672e1e12eeb65f|9a846e3d335145e20ae22078201569774806646700a6569999d0dff3747906f0|b557d76aaa1d06a0c85836df672809f58088cf2411c87860e973b768460eb3ec|c31050cea2718c4eab7ef610e20a9f421dd2a6d6e11852e45b0db06d5ae72e68|c51856adb6768ebb3613cab46d99390a876503ff4685b446ef5d64ebce6cdccc|c976de1ff714c8af1e11c9c207e87cbe2946ee7a1e3e99e0936bd10b729eeb6b|da6c66f27cdfe00bd7e24b9c75ad5a6305373fffd2d253a6804bc0952d67a30c,"CallToUnknown,ExternalBug,GasException,IntegerUO,NonVulnerable"
0072a3f74957c0c0f78aaf63f1acd318111799b5e63efc4ee829ddc234f45bc7,11,483e4a26c22efc6efa0ff25123f3f9b770c409d8805fefe14d81131a26eea72e,483e4a26c22efc6efa0ff25123f3f9b770c409d8805fefe14d81131a26eea72e|49d1dc079813f4a2f6c25cbcd5077c301dec0071b9e62b8e0d9b2e408534ae56|6b8ff3f907fe5123bd58b176ef6219eb5847c70f69096a053a812c06267ac164|75d8d4014ad3e41c90af8e594979fe57c88a2bd6c047ada5c1100aa87a7897de|795aee33d5e85bf6d45941e0f7af0ecacae4de24b078ee48d21d9e7b87f2ac49|7c1ddf60fe768834857f906774781c75015e92abdb9cfef310baecb556d853bb|aaec524d632e87e0603ae0880f83dd4c5b615aac1d82d896275dff6756c2c027|ba18a367b23ab07c88ade2fe730ba4cfe66d074d319ac1bd85dce8323c5cd20e|ca7a21c1d8ecc2a0a0a051aece2a52627a245334acbfafc15439e6f2e0f64e30|eca2febe0c702f124c022bd57cee2e00de3da52a45906fd2230799be6fad6aa5|faadbbe0bd190c719abac64888083fea4cf512465115840232dec17220e43eec,"CallToUnknown,ExternalBug,GasException,IntegerUO,NonVulnerable"
3b0e08ba694d4d1f5bdaba5c54aa53567d78ccfb742561e58e3e001d9e6c4646,10,097bbe63faa2b2cc466b1d5904da3526c61edbf571a0702ff55cd06bed74b829,097bbe63faa2b2cc466b1d5904da3526c61edbf571a0702ff55cd06bed74b829|27bbb0a9f3973bb88fa039575d72029e242a9e10edd46227f2f94666b679a274|2f5062f886abf323484987921d344f6f5121f25d70837cf12b5f8083d70472a2|398eb69b022cb87a5886c4cd92ffa90195b40900b8b379591c69afff6d406005|441d0d1da5eecb727e861d1335515e7d085297677dc9e44988ec043034dd164d|5025e8ff2de5364b8740098b516c6d62d3a784bb8c066f4d1e292a97c6409418|a3b813ef2bea25bcf526b4ce92b404462f09ff332214a7223df8adc4627be924|b3fb4e561a207c1aea2b58f6897f2a1d1bb210e580704a979507e88fd77c9609|ca6c693c788d99bc65029005306173a2c18458392cb2b3afc4e81db2f5d21017|d5e0c443dda953b84dba29a85c5826735fb1a512e7ed41132ac221d766ad2d83,NonVulnerable
1d6d27920c693dc0309f4d0bcf16642953777b1652ae00ef3a546db18f27c3d6,8,016046603eaa44f2be0c842c56f70f3a91149969a448b38510034ba42003722f,016046603eaa44f2be0c842c56f70f3a91149969a448b38510034ba42003722f|0cfa2b22324dfb0055da72ec0c08a261aa4c95173123068d945276296de873d5|434b9a91ea15cc5ae576fef93d60a46fbe7ea29f75cdc286f41ad8919c8a68cb|58b7bafa47963209acedce68294b5a4739550d693d442fd4ce8391c44b4856b2|b3f418c7877071157122e2d4a7611e8036fa34ca378b62f2d065f00bc692eba4|be51534677a53730a5e467ac6ebb6fdde591980e8b3f308fc5f7faefa4058295|c97951aafa127f8f29b47582f2b2e469123e32ad7ff06754ef7e3e3482bd50a5|ed1cc05325276e547c5f29974b90cddeb3537a5d8f026667c001b09121cc778b,"CallToUnknown,ExternalBug,IntegerUO,NonVulnerable"
e529a8cacfedbb25c611ffba6c4a20f7577fcff531db0a5b4f13d766e2266740,8,0966c675b3719319b913a2530cdc5f18e113180cfd9e413e791bb21172731935,0966c675b3719319b913a2530cdc5f18e113180cfd9e413e791bb21172731935|0db36c77fba92843a1ebc313d4495e34ecac5e1b02e51762d9dc94dd7114d437|1b900ecbc14bee7af2ce06ad9953c43b8746fc4261980bad709cb6c5091923bd|1ba4c849a640e50018e6a3b8233279195b79586b56faa13f739116a67cbf5193|60e4b5e8c2fdaf07cd5e57e13b73ed8d4f16f749c48e55cb7a4bf2baab2fb4d5|774490b1031a9028ac78f4188124d82a63b744bc4f9ac693df202c774f1a443b|9b5e0c7af0528dcd49aaf7194b65c05213c687a12d6713dfeb4a8fe8e96fda7d|bc3da0947408b7f1655f5edaa961a42d6682ab46847f3323547a94f1ce869f71,"CallToUnknown,IntegerUO,NonVulnerable"
ce2db5b85ae7b25403c87a415245ff1c5c76b7147be63a0c2c5135e1d05cd895,7,0199a3050b816eb600700ce86f60ce07b4814876477be02928eb39877bc25a3c,0199a3050b816eb600700ce86f60ce07b4814876477be02928eb39877bc25a3c|14403b7aed5226ada6ac03dae80905e9d8bab5c85cd9720c341413df846bba23|5a4bebb5d240b58896f137ee09da06eec5b35714587aa8866432a1eeb6f67c86|7c123bc517d69e4dfc891b5bedec563513fcf09ebc8c21a588559b4c8b81222c|a0f253570772c423c44f5c3808d6534481247f2ecb8dafd17359a54e118c08f6|bba0be760e74715c69eb8f9af533a672ecdd793c0c364fd631a29b02de530fb6|c3204cc9adb9e7f89735b8275b6075f1e7cb2b3819144c82e0bc93ff1b9872e6,CallToUnknown
47a2946c2ed2d7202aab57903523d47291234eba927f97b03416386a809e95c7,7,01f2be20bd6c0c5089771262c0446a00ddc4c64da4b91c616426beb4b6313ff7,01f2be20bd6c0c5089771262c0446a00ddc4c64da4b91c616426beb4b6313ff7|03d4f46af403548f91596f685f777ba2350c1bfd990fe7cd549f2a7791d4bddd|43e4261bca41ac9968760423c3da7589a2d3d4a83fc18dd96631e8fe4b8a61ab|c9ce8614a7158530deaba6f14aeaa137bf7182a4fab0cf49162732b122a298af|d7d4461ea38c9b51e7b9349ac04b50c0a4cc6ee64107eec245c3b53b7c3c5b99|d7da96e67aa5ec1a80aaed35554c580115e96bc502114f9e6f76a6e9522945f9|e1fb05dffd48cd1c070c14b8d5e5c42fa3bf490a21ffd2dd1a4cb9aaae8d509c,"CallToUnknown,ExternalBug,GasException,NonVulnerable"
bd091bfa9ebe11a38508234b217356de56cd6edf9d4580081be355af689418d8,7,297a3712cb69086e3d4f2d21db424d4504c1441d40b1669486407a30b1d928f3,297a3712cb69086e3d4f2d21db424d4504c1441d40b1669486407a30b1d928f3|8790481042ef7ea5417def2b1127bd414bf8746709dcb80ebd1797e66a44f1e1|96ae3684258f7cb3928d6ee482b0d1d2c0ef58136e9e64b6a273287bc1ee2b1a|9d0f13e60993ddd3fca35581a710c3d04bb92337ae42aeef21836743b11fa9fe|ac7762857512b75d1cf592715c723ff94e002827a97ef1af1bf17491f7ed3b05|c2ce6f1822ca85754262dcb5da8c832802f9a06517a96a4da9da8e30d679d693|d6234ac115a29284f00e7d1b26a4aceec7b248a34b880addd46f4c2907d017b5,"ExternalBug,GasException,IntegerUO,NonVulnerable"
fc24aef6edbdd19a0cee899ba81846cab1aba787581d30687025a4faf4bb0548,6,0979e7b41b116c81bb8e234a6d9016c42afc48ae7eba91c0e01e2c887c8389d0,0979e7b41b116c81bb8e234a6d9016c42afc48ae7eba91c0e01e2c887c8389d0|1f06b0b472848ce8fd12e033bdb81d7d669e520b690226aa2ee613851fe2b795|2e72fd89c7a472b2f299f1a991bf9b037b0ae0608a49606999e06c8bb88cf97d|349b6250f8b3a45099a7d6eb2877f0101caccb352b74851b8f6e461b4172f934|9745bc087c19e9b8c016dcadbeee2eddb50acbecb37678a310b137adaeb05b80|e43225949d75823ab7c0a570b653acafe809a3fc9cd948eb32db197eb9652c11,"CallToUnknown,IntegerUO,NonVulnerable"
70e6e8b66f208a7e30ab524124c6e6492794cf08963587fb8de39f4d20fab882,5,06e3e87e1989096b991ae8d4ae5701b80a77ac1dc8806d2fc53bf40f2f0e9399,06e3e87e1989096b991ae8d4ae5701b80a77ac1dc8806d2fc53bf40f2f0e9399|141a4934aa9ea3d52080c3a2b6f839503fa51ee9245cb1ee88916acabe381f47|18ad2769a9c3fa83f6beed97b515d2c3c1f3f5067d447c48b4a039eb4c018f46|56a766e8f7167b5725a9c19578f4880d5f8fbc852bec3883a122db0c4f071d45|aa7db643e847eebefcc335b22b936e5511af79cd46879405f8d5d48069a938f0,"ExternalBug,NonVulnerable,Timestamp,UnusedReturn"
5efaa79a58ddb4c06fa82f1dd51593d0d2e90d7d460b5721d4ddd28397c66a2d,5,0d07fb45ebc666a19fbe42c483f72e3f1e3cfae2127b7415809eeb8d78647286,0d07fb45ebc666a19fbe42c483f72e3f1e3cfae2127b7415809eeb8d78647286|9c9f281e9f4d178903a0de7f13f4ec887117b4fad68a8e7a45f81d8359ef88ac|b8c523b9f08060018e6e9c896fee3736e6b7c06d1c8ae71ae2218cf454af81a7|e4f8fd0e314176f3a2278513851600243a72106429eee67e4c3fe76d186c3da7|f5e4143119f0ca49a8973c09671fa62cc4a16560a30d978cbfa35f661039ba15,NonVulnerable
e42d02940f663ca42348648f55e94bab2f8612b341c36f93210312f047164877,5,0f4536a2dc5ea9eece132706b162eae95ab4b34f9494f17ef69fe02d14047057,0f4536a2dc5ea9eece132706b162eae95ab4b34f9494f17ef69fe02d14047057|35f2e99438cbe3163ed0f2310ade22c4c6e04d3aafce08feae62724f3929ce1c|7391050975f608d64541d579ccb9c9de1f73487f7cc9b29f1d8c783b78c53edf|75c7f13d8cd4a676e92e9dd4877056a841e2f048e2e1a01c4c83d8bb51303fdf|dfff9c54541b18a5c21374841c80b575ccb62ec4141a50f6826c7d263407f0a8,"CallToUnknown,IntegerUO,NonVulnerable"
2f9c980d4a87931ef59bc52db1997737746ac5aba538a4154b349627adb5faa2,5,16eb3034611e931974355d149f222f995ded1eb0f40fdc8021fe5d15b42549b8,16eb3034611e931974355d149f222f995ded1eb0f40fdc8021fe5d15b42549b8|429262b252f7a952590a1ea6405558fbcfd07be3df36165ad32382ab4d30dfbe|459e1b98349c32cf79be09f786c0b6e87a26d94cd0d1e90c6c0d1d4be764ca59|4987982873b35e28c830946354e22af29df1d45728f36bb2b60af2a6c1776a6d|a3db9dcdbcac2bd27e73fb0beea1c7c3ddc29acd36229f63a5fde2f40abfb01d,"ExternalBug,GasException,IntegerUO"
d7c4bf69a321f2f6a0f68c3b21c2fd94c988ab9d9045d6a6d76b06c6b83e5869,5,185b6938833aacea446e0cfdad519836b897877186a9e0ad6c19764551e7f1de,185b6938833aacea446e0cfdad519836b897877186a9e0ad6c19764551e7f1de|22719fb1ebfe39785076c99d2632f71f3ec06c0eec0212b148feaa24038f75ff|34c5628548d70a0f0f628f616b6e312ae4474daf9e6e7822beb3acfcbfcf060a|d21b312456365aa98658c100d5fa747921d6f3dfec49d079cd002fcb50a4597a|e2f3ad1bb4a3b3f6756e81747eb66bfdb8b816ec22a441d58be68b7963a67e19,CallToUnknown
93722685d601111a99bf555831f32b729265ea17d978f47aec8aaec1d4129216,5,2033f319df7e1c96b3b9d405a9ebc68684d7c123074e5dce80619e8ed9b689ff,2033f319df7e1c96b3b9d405a9ebc68684d7c123074e5dce80619e8ed9b689ff|3c880dfe6978b04b7cbeb12f044a8c6cec472dec502978ffafb9c74d7c162a96|8760d7f2431d90055c7acd1fd9c85054690386fc1d00788014607f30e1ec2330|a43686bad883b49b8578b65b0289de98f108a9af4248fcaf8d173808d8a46b5d|f4efbd0445d07ee4184c3bd7cbce6b07179eb228cc22ee61166a8495407fcbcf,"IntegerUO,NonVulnerable"
4f1bc3e5bb819bc208abeffb2063972250e866e737c8fb677b8f63d479770e16,5,22b7d27848c493f323628731f8bb8058a360822262847dead51c0efef35a5c4a,22b7d27848c493f323628731f8bb8058a360822262847dead51c0efef35a5c4a|43fe0b42e6a4266268d3d691889237db6842939cbbfdbe0bb77863284644e9e8|89e93878213df72a0fc49b0bef1299c9e4dc961f4b6724e0a9b9edd2d743383f|b1948ba494ebc3b7fa0a37cead08b544aa346e1788c2c8030799c3239725c6c1|c7f8b5bccd6c96d7c05f1682b3b243f81a3799eb6aa8ecc91c2a47dd64c7cec5,"GasException,IntegerUO,NonVulnerable"
03e578cf2d6c03ca46145ad0040c98b309a9e0599617c593dec349b157fe23b1,5,5edc6826a27702f3cc81ff55861462f438117c98cb3a0bc9f691eba82cfd5800,5edc6826a27702f3cc81ff55861462f438117c98cb3a0bc9f691eba82cfd5800|61b18c5a42af6d9597cd8c8b885ba9a77e0b240f2695c5aecb240b6e4ef0d545|944152ca2268a4ff73f6fa3608893a3fc342e5f2d03ba5e2a3b54f0c04aac9eb|b54946418830e298982cb7a38ce5ce8699889016a015abbef9b24c82f1919b98|c0395b0cf56e890593de0fec42eb6c9a11f401631526bdeb26689bc461760edb,"IntegerUO,NonVulnerable"
15260b232889701b374c1b66a5aed3f03c02abb00c2c8fb49793e9ebe13ce4db,4,00aad096d3a65d14daf5bd482300df310071f049a1339d2f49835b3bd626eb59,00aad096d3a65d14daf5bd482300df310071f049a1339d2f49835b3bd626eb59|15d35a9b6b2e0554095855bf0071990a947e31a4162f6825662eca972e33aaa2|d31eee1fef26e59d13110d633f4dcee133fb1308cfa467f29de65c8b1140cf47|fdaf0fa7538f1c3661ad1638a28550b6656ad9a24df299bdd630a74d2312ea49,"NonVulnerable,Timestamp"
d6274f83160da576db6cd1b47881551fba5b85fec54dc0cbaad0add68a63e5b0,4,0230710c493b0c8f0a5a1f8bef45ffb073fc4686f30aebd3c7b209c8c712b6a1,0230710c493b0c8f0a5a1f8bef45ffb073fc4686f30aebd3c7b209c8c712b6a1|33b91edba7a2a65b0d5a7c4a58952f2191e6ef47aa346a771a9ec94c71a18e8b|6503c09a05d88815ab85d4f26971b1fded10a479d1f10a747ba6fe57a4a8f7b1|d2aec2b2eb532a19d8a66dbd5c5a19c0de55b433e80efeecf5810625a48f1f36,NonVulnerable
d6f874b9b3a1519db54337cec36f385cbebfcef018603a79f530308f9dea57db,4,0234b7d91affcad310484cc3e41edb029cb1b2d336358a6f900695d6daeb4405,0234b7d91affcad310484cc3e41edb029cb1b2d336358a6f900695d6daeb4405|26474b28f79919761030419b1f88d701b5e425966f26d8f98c81fe369311e4fa|4413df29432b60951d3dd92e1fd471607ceab0acf8e3c1780a51ce882b14e320|e9d8dc386d91fe267b3b772fef41d2a5262e140a70c91f8653564432108c4104,"CallToUnknown,ExternalBug,GasException"
fcef950f60dff51eeef55d06792968680e28087e6338bcb10e0628929a093faf,4,033b6af93263d74a7ca071311c9985e86e3dd97cff5e2586399158671ff26dea,033b6af93263d74a7ca071311c9985e86e3dd97cff5e2586399158671ff26dea|35a2ebed6f09608d8813fbe3f6de1e10f7d2eb9c776eeb04c98343cce8607f8a|8d9f08cf03cf61d6d1eb27550a45ec11d439e142bb2d7cfec438ce8f6d8590de|c3fa56d879d896ea889bef4f0679c95bbc94f15fb5ae4f53c875b40dc0a7181b,"CallToUnknown,IntegerUO"
fad7b5666f4e8f4204744afd2959f83f6764193baa3f12a35919cabf8c9aeecc,4,03ab319c9a0def88ef95b586ad6c0019c0cba783da9ff9c2ad6e5cd1e20d6232,03ab319c9a0def88ef95b586ad6c0019c0cba783da9ff9c2ad6e5cd1e20d6232|37115579599a75c8077c0f43d1befe22bbfeba72f551ff611decc2ca882c5407|a0ea8e61cc3ca4ec383dc2fc0e2713e7ed22e45a36f17ad770063a0ff9e2953f|dd905f1bd6d5a68a41c6f30567fa4a3cec7f25e7b055335213a691a4432d2d61,"ExternalBug,Timestamp"
53e5fb603f769b373b7794f757d921ef8e52726f6c646bbe24473fdaceacb7fb,4,05bfe174b9609681f6c46d04b97911521020b63c7863efce392d7a5d01187655,05bfe174b9609681f6c46d04b97911521020b63c7863efce392d7a5d01187655|3deec06150b22e6089d3f229bf0289029111582eada734be1fff635c52083263|4cbedc59b75384db6633556b03b149ebe98fbe532c7df673ce8e9898ff8ee211|602441f3515d7f8a4b44aad10b4293c0e4fa50d5b2ead1930d7567bb69fe3466,NonVulnerable
63446e0ceac4aa47beb3c028c39859ece733fe6b0813f2c0fa5052cb3ec9264d,4,05f7a9a78ad2986b14384f180eada61ea854df1d1a8b6df9991393d8cdb27a52,05f7a9a78ad2986b14384f180eada61ea854df1d1a8b6df9991393d8cdb27a52|4b035c18860f6beff8fc18ff0b870f3259acdca5ec975f9ff5a1fd7a74c3929d|617378cc467c30689490c040ffb7e888e5877c27dc57d8f2be2fe4d4028e2fd9|b8ae097a3ebfeaff743318f6f3dcce19362feeef157786e48516b3910008b9ab,"CallToUnknown,ExternalBug,IntegerUO"
abbd652ff7d95c8efe36b1aaf3e6e64b4424cdb8f1d94ed6cc814b3e177c4369,4,06d3feeebb8c8586a685f571e1a4acd71f16b0cf3a370b6852fb05fe1dadd365,06d3feeebb8c8586a685f571e1a4acd71f16b0cf3a370b6852fb05fe1dadd365|96b1ecd5be4fc822b0763a467f63cfc0eafa62cf658b9c2340075023bbefa260|fe8571f5f18fc8b44a2f816ec6ae4db24054f128e6bfc76d4a08b4e993010c1d|ff3005344a75717b4383613be401de2c3303b97e423e495b3f00a22a13e4c830,NonVulnerable
dceb964fd9d93c8a5b46b8d96aa49234ffce9d01516b6cb67aa2a611acaa2b65,4,07dcdaa1751fff34b99136fe97e3c656b9160184320af63a6d67665581096471,07dcdaa1751fff34b99136fe97e3c656b9160184320af63a6d67665581096471|095988dd90854053c8263af33c0fccab80ff9adce0c77ac26a5fdc7980998a21|a5d04cf14e4ec682338503c0cace472a44b944ac466d064d5fe88d1865ecf4ae|f53955472ab6a1504e524f5f74545ab33567a2158173d4570761011fc83828b1,DenialOfService
f1dc532adae56889ed24fc96bdc5b6f76fc883bc772bf588e6e90fa4095d40f8,4,08be0a6c912755327499b6b83470199b07f9782e89c3eb929f4dfaa36e0cadf7,08be0a6c912755327499b6b83470199b07f9782e89c3eb929f4dfaa36e0cadf7|5d82809058c233e836a0aa8437401fd6948cd2cb3456e7ad2922ce3d429cc70c|91d30187aedb21faab90dfe30a8f184312bb557904d511e999a378817971df47|a09fbdf60bb92acd7146c4bfc465959c492a47953b9414a90a96cac981a4f63a,"CallToUnknown,ExternalBug,GasException"
ba97c32fa83f7a340f5b5266fe1be4113bc027aad84147458aa6fe427cb2c716,4,1297ecd3973a9877a281c338bc1934ffe00976265588fac98cf69b6923983cc7,1297ecd3973a9877a281c338bc1934ffe00976265588fac98cf69b6923983cc7|a4092fcffe3b092e4d46d819ac60e67bf404514cfb1559a817bc5ae76aa0db7b|a9bdea575600a24db9ca7142f40e6eaf7c38984d57c3efe42414a5a5017f1cd9|fbd06f3a03447c99cfbcb5f967091a3878849d1d8cb18e41d0d7adbad2f13b34,"CallToUnknown,IntegerUO,NonVulnerable"
2e30eec32add21c8ba2acaa508c00103666f04e779b952cb9e691134b9f9be09,4,15b4c245c429b04a83cccadfc9856f2e6c77e0d1e54c4c0db0c8b013d387dd9c,15b4c245c429b04a83cccadfc9856f2e6c77e0d1e54c4c0db0c8b013d387dd9c|56dba7a0876a1706f598d36761b2c13440bf0d1e192d8c24d02bc4bfc4f9c106|9f706771a0a26dd99ad0b3f8b6e35ce59f51d74df6b3caa809297c24cfb85e23|b711fab5e14ef500e286008254ed1c0af8511b081a1d5377cf61a06d2578473f,"NonVulnerable,Timestamp"
d33e4f05827614a2c5a7f8f87a0ba39e1aba3436aa933f65f76f2fa3a98bc057,4,16d2eeca8c82d8cb14391f57bac41835d163d446c9f5433d9553db5b4ee242cc,16d2eeca8c82d8cb14391f57bac41835d163d446c9f5433d9553db5b4ee242cc|6af3e8fa34bbeb453a0b70389a1862a5e701d650d69a4c916794841706ce8c13|71eaf9219fd75caa40e34fb27900c6aa3d2992d4f3e54c6fcf6629ce11d552cd|80d2d8093f97b0cc9ca4bc519d29cac38e103eb757f4d83478a8da239405f8ea,"IntegerUO,NonVulnerable"
c447febf8fa44be9488e54668392612fe154e71f0eec52891d9f7ea5074684d2,4,16d9844414f28c60d198ce6b59b40b856c268f07cc5f307267b74c887154e601,16d9844414f28c60d198ce6b59b40b856c268f07cc5f307267b74c887154e601|4048e6e884efde8f945fde7ad98777f3ec7f2909487cc5c2ffd9c72ab456b9a4|6ef239b59add9a11b99fbd99a2b8585b68a55750ba522e59b3d94ba1c542bc6b|b3a5d30324cb2e94745c42f675f84c0092d65b09a2d9ffec397bf06f559033eb,"CallToUnknown,IntegerUO,NonVulnerable"
83e99f63dcf9b59bb3b26cb0c70b1766d216471785776075570833ca841cf043,4,229a39acaf0ed7cc0b7231887020802f3e99da29fe2ad165bd0665fa5c971081,229a39acaf0ed7cc0b7231887020802f3e99da29fe2ad165bd0665fa5c971081|c79eb0d9b9d27be3299e76a1973742a7d326878d9a69e176843e971efcd3bc2e|d0b890ad65b7535e71e89c07fa82fe0358d29188333d5680cdfa993eaa52cbb8|e15ab06cf0118a7b020248dfa7030c4f096a4266a444694a00f561131c9a90f1,NonVulnerable
eed274237b758bb132a89c400b0cc3f21c6fe5d679b8b2fbc12631cb7fdf03b6,4,29390dcec2dfd9f6b48281cb54945462fd760b8c7ab6bf382638c9d0bf435b9b,29390dcec2dfd9f6b48281cb54945462fd760b8c7ab6bf382638c9d0bf435b9b|5266b05e2a448c42786602d24a33704d4f5f3fa83dba64ac2ba5a7a3c6faaac8|bbe3a233d4e00eb562ff11f14c6b390bdb3169693de0975b9639d3cdc90c4f5c|be4c55c1c88975c1255ee60296271e27bf7e10b3e4423664494121e2d26cec42,"CallToUnknown,IntegerUO"
501876c38a9f8425adf931580a7d94779fff2b0609f59dc00bbd4b336cbd5bd1,4,2a3cf72b9ee24bd144c75a2bd575994cecccb6ab273f85eccad57fdc57067575,2a3cf72b9ee24bd144c75a2bd575994cecccb6ab273f85eccad57fdc57067575|511cdc2a186de5d00ac424836eff222cd8fa46923c26a514c8b42753ea9438c7|6877f55d620aece33e2cbe41ce1871242e29ff044446ed8ff63025a0e1cba386|b453961dc447b7748effd54dd08cfac629a4e012c921d2bc199bf2d6956eeab4,"IntegerUO,NonVulnerable"
7b5e6d9fe610b820776a424a4a697502d5cf55ace77bbe099b51077af7cb87e6,4,2bb913abded66fa1071532c922443ef07955794ac7e29772a916b39c77ed5399,2bb913abded66fa1071532c922443ef07955794ac7e29772a916b39c77ed5399|5dba400939fc8abeba5171a41f2d4c1ff50b3520caf970b6066f7ad143df69c2|a116c97d7c9a90f069c5f9aaa2196aaecbed8dd3fd3c3d471c4066d687f75191|fee0bfa849c74f79874cf158c0b84c95e111018af358827f08364d2b4495690e,NonVulnerable
daeb6258bad52e1028e68a60f69a4fb85158df995543870cda0f38c13217710d,4,47fb3a79beda02e786406c3b4963700b8e378bfd8c10a6af7de84296413cb7cb,47fb3a79beda02e786406c3b4963700b8e378bfd8c10a6af7de84296413cb7cb|53eec3118cdfc240ec60389ac53311b5cc4989b753949e15c4003d03362e60e1|a9e0f30ced1481a210bf586312b31e78888c22546d68502e3028821e4bfe9b3b|bd80dd1e1e25ee47cdb2fe5fc6dc78b29898388a1f4ba2a0319ae218f2d6059e,NonVulnerable
fa976db77569d12feffd6094f9907b4d119e2cf158ff726363650346f6f41037,4,4cabc2aca45fd77b01313468515d96e4507dae0f7020d9440e788fa9f440d69d,4cabc2aca45fd77b01313468515d96e4507dae0f7020d9440e788fa9f440d69d|519c0a37f148b6c15cfbfb74d2ef50d5cd29faaa4c6925ad513616f003e109c4|5aafcbd778887f1dc12f52e89fda706a974160e25e3ee29c6f1e0b9c5788f4c4|904498da4453f8878f1cf401625d6830f620449a6cd0fe48be144f06f2153d83,"CallToUnknown,ExternalBug,GasException,IntegerUO"
c7ebe4dd5045c4d6625106c665714c9f7c82088dedd5a27c97c89a1ce14a0f59,4,6230175e377f47e1476171653cab8ab60d8f48d0c3eb012f3e5b93c8ce7155d7,6230175e377f47e1476171653cab8ab60d8f48d0c3eb012f3e5b93c8ce7155d7|941d218c182c27fef1179884b2b05f2de46307eb902a84955dd37cc562b28533|ccf22e13022b3220f98c64e73d19cf674f73603c3be392e69f038cb45251272a|f095d938e09f0f46e754713b4cb0bed3928fc92a9efef0cbacc1ebdc666ab5c3,"CallToUnknown,IntegerUO,NonVulnerable"
06e0d74bc90309f1e75cd2b0eb3f6fb7b1b80ee648d8355af2b1064a0f707c62,4,6903f4e650b4c181d4f56a1b9e419808b6e5a29cd87a938e61b867bc9163d976,6903f4e650b4c181d4f56a1b9e419808b6e5a29cd87a938e61b867bc9163d976|6f799182952c7cdf6a1dc78eecc4297aaf63493e8ef1ba4a2a7d431aa2cb4f77|98962537b180c86f6fdc1863cad82669a4f844ab7d15040145ad90e0a92c5306|e29ad2e972ec2da3d97c452de327e0fb18779d678a04af13543c4fc35d15a63a,"GasException,IntegerUO,NonVulnerable"
dcf8e09b081047a105df8f1ba08f32bce98db4a1ceee4fbbb2f765fb7a04a7b3,4,70b71f595d609e4713e0380bcd761b807b8948c93e6e19264c9e97d6601f477b,70b71f595d609e4713e0380bcd761b807b8948c93e6e19264c9e97d6601f477b|8311b2ecd5b5a41d535780c64dba1886f48c60b8e6613b7fe9aa902a031b2dee|8e2022d7bbbc5959952842272bb2a8e1e7db4b83428323e8eec15d84d286d780|984ca7536da49a305e9d382444c8c3d15ae3c1a720461b40dd59f050485e8129,"CallToUnknown,ExternalBug,GasException,IntegerUO"
950c836f2ce0814d122f6cd276c41ba63a5da09e1861cfda9042e893ac7ef563,4,a4a508ae44edf232c72e8645b288d62533397f015451584c37cba8682fbc2ba0,a4a508ae44edf232c72e8645b288d62533397f015451584c37cba8682fbc2ba0|c53ca183d8b3af4c2991e1ae9126b1ccd574633a3fd4a34e9f2103420dc51e0b|c5a500ec52a59f1f81ff25767940cdf7b57d3e7da2e3841fdd8c0e7c29465dad|f805dcc8abff966430ef42299b248d571a37bd0eef42be078ff82355dfe3251a,"CallToUnknown,ExternalBug,IntegerUO"
7dfcadc41aa7c9b4b515331bb28564a2b91316c611449fa48fa3f79c5cbf292a,3,00b7c040d1d493564b7e6fc43dabab18f9f8f714563416306565b33ffbb799a5,00b7c040d1d493564b7e6fc43dabab18f9f8f714563416306565b33ffbb799a5|243204b367187cca2cfcf4c7759eddd68265c4182a438a2e1486a5a985a1420f|8805f4537a8aa181243b1f9e661e65a2081baa68940004dd641aec581f6cd311,"GasException,NonVulnerable,Timestamp"
150ac056c49c889b7627a05ca3380854070776013ffc93f7ec61f9244d7948ed,3,01f6850a2c9ec2806847171949afbfd56d74b8e2815d1a4980eedbfa22b217e6,01f6850a2c9ec2806847171949afbfd56d74b8e2815d1a4980eedbfa22b217e6|288ae2b7b0b7274ff74047cf70ec2961fd8a573744b2e531248b1c3d4915d0b6|7b2a0f186a17e9bc3002b30364552163fc9df558eb2f892e16ef0ae951c138f4,NonVulnerable
33e6da4baad551e7e462f3f1e4168fd0ac7b4f029ddc517c7de35a4f590e3455,3,0236811dba53bcab9c55679fccd8661570fd2eae85fcd612f3106b6bb9878d00,0236811dba53bcab9c55679fccd8661570fd2eae85fcd612f3106b6bb9878d00|7d66bf936915e2a08df51f966ce7870418feb25e9aa933aebb318ff96b0e0930|90c2091457343aed09afb5a9c4851a7eb9da3114f64e622e4eb5338ecc1c687d,NonVulnerable
654fe12b800a4ab8f1735e1318e1688419b5df4b90c4142276c5e4cc67cb86eb,3,031aae3466d11ea2b2200dad70dd37e887f9100a476e1366ef1e7f9fb58876ab,031aae3466d11ea2b2200dad70dd37e887f9100a476e1366ef1e7f9fb58876ab|6520aba7e3683a7bd69706bafa0da3a72b15daf4d4af8eb9e6733a4d5ebdd9e9|76ea6865536c18c449055f8a09093bfe6c03c114773f439507d2e59fb7c2bea7,"IntegerUO,MishandledException,NonVulnerable"
e30628ca5f57cfe3c68324ace03be4ac82c17301c3f79a2c0961c7ad458cbfba,3,0340892c5e2cd9e3cb877209fa2eb148d9fcf886083be1986e38bdeb49a06a95,0340892c5e2cd9e3cb877209fa2eb148d9fcf886083be1986e38bdeb49a06a95|23ba6d6175afc25b1993ab7acd251a7fd12730f8270f96beb917b842bc2efe6d|c38190a281c1ba82622c901a7e535a0f21dd9a9661255b15ca6235498582404e,"GasException,IntegerUO,NonVulnerable"
1d6ed8a763b754746242e971de35857257e6d22aded4973571d35893243c8ce2,3,039f881aab99d33f42d853c3fc4ee63a8330201f8144d8491357bfb8fb32f77c,039f881aab99d33f42d853c3fc4ee63a8330201f8144d8491357bfb8fb32f77c|59df09c36d890030a67ad01f90eeb1e44faa0d0b67eee1effa950f8625df0e4e|e1ea58f5dfe42271c4514e332e5c8eb898cf5e50d353f876c9dad648a512dfdd,"IntegerUO,Timestamp"
2b9f48240245ec33ac5827e5806d6204d3489cf01f71ecaef973df16d184503a,3,03a56ecd75ac5be82236593f7009fcb6e1f511fbab4639763c2004d0c4a9f33c,03a56ecd75ac5be82236593f7009fcb6e1f511fbab4639763c2004d0c4a9f33c|319a412415d475f6b5391f07616745c304053ce6881c56773d8202745e8bf7c1|f020794cd80209ce1f333512d230debe549f585877f05e569c44b6eefbc4b424,"GasException,IntegerUO,NonVulnerable"
3c86bd96132320c3eedf3870f264a3120a3edd19103cac9566314fef9ca1b757,3,0422f032f82f1e725ae53cb0bde96cc323f77439498183d24b5009daeef41f59,0422f032f82f1e725ae53cb0bde96cc323f77439498183d24b5009daeef41f59|7cfc2a14f200f025902d41644913c6243bd01b0044794899f835b9d2ba59b0c9|b7767fc1bb946e114a7d36550985b4d277107c7c007df899f159c2a0967d7375,"GasException,NonVulnerable"
bec1409b4885021d87dcc56310861f73f5df4c146e65010658f7465980f77279,3,04445aa2af88372fa4deb016575752013156ccabf2774fc2e88103514a7de94d,04445aa2af88372fa4deb016575752013156ccabf2774fc2e88103514a7de94d|2589f6f32c40e58d6630d35cb5d9eadd357c11de5594e6e86d6b9843e54d53c4|79a278c1e13ab28cea4ccc557e11898d64ef2733a4c8dbd6c66caba44a6c9e3d,"CallToUnknown,Reentrancy"
c1d3bc1e422e907d9006c76bc77efc6fcb540da05152d33f704893b1e3118ec6,3,066531dc9c4d17594fed89e5a71cba70eebe797b8db9301bd9bf27c680c3373e,066531dc9c4d17594fed89e5a71cba70eebe797b8db9301bd9bf27c680c3373e|569b5696c44f70823fdbad8aad4174369c6fe48be27ba62f5ef40e1f2d47b469|ea732d9103d48b701253838b0275e526bbbb04f764936de12459a8ae2f7f8c58,"IntegerUO,NonVulnerable"
047c8bae94640a7a4f7a4fa1926e1b19b7cb441961202db7108457b815eb5e10,3,0828b404e0d0ef861e245ac396470a1d0130eb8e7c84130ce2463bfbb54ebf7d,0828b404e0d0ef861e245ac396470a1d0130eb8e7c84130ce2463bfbb54ebf7d|aa920180c13542b105c6e8921a77931ce26b89a552d3557cf53c868c73952767|e1faace7a63c9f1c9df7129b46b07e2d7ac85a4db76a914a83ae9cb18c3acd41,"GasException,IntegerUO,NonVulnerable"
dd014d90dc2bec8fed0ab8b56ead3d0c208fe46d86e2a8e8cbe21a981170df3b,3,087d803dbbb102a4208ea8bc3e31b50f63cefa2a38c6922bd931b46f9d9b52c4,087d803dbbb102a4208ea8bc3e31b50f63cefa2a38c6922bd931b46f9d9b52c4|751c37caad11276c417e8c3ab4f45cde28b6d07cf571fb43fc4f578d3f8432b8|77ae965a9f131c955656c9c3b1c85e62ab115f20bd4381009719f78988995763,"IntegerUO,NonVulnerable"
7d967a6f6ec6368157b6672f897583ade931ce0a93767cc291b8f8d53ddba83f,3,08b9874c102cde0dc1457dd9730149cd35b81e8b8ac01f4a347c3d648f072243,08b9874c102cde0dc1457dd9730149cd35b81e8b8ac01f4a347c3d648f072243|2b0ff977054f70db224ae80a87154df169a366a46ecea52ed047f11d16e47f0a|a284fc1afa8e3d5ec6f058354f8657d4373b79e704b9ba33343c8515d84e4fed,"ExternalBug,NonVulnerable"
5efeb0740efa8b2a1607dcf05a8ddc9ff1c7a6071b434a2773df796e5ce1bef5,3,0b34039bae453f426c60e7e2e20cf8e9acb53c2422b777722260790c13095948,0b34039bae453f426c60e7e2e20cf8e9acb53c2422b777722260790c13095948|7daa1ddd953ad3e55d4fa8caeef82f500e4bd0fcb34349c15482d14c74a605ad|b387f9d290c2588f3e7fb448363db615c22618d4aaf120cc6ea44ff1783ec322,"IntegerUO,NonVulnerable"
4ce4dfa1af49f0115e5e9d70c8ba731bf201d36bc376068c0e174e038475510d,3,0c7451a1c6372e538c747638dfd15e20cb20da1699967a74f20ed1c3c034123c,0c7451a1c6372e538c747638dfd15e20cb20da1699967a74f20ed1c3c034123c|4c25c710fabfae68828108dc04139edf691b195779d69d055930f10ac6981381|a2e6d0d00fdb7c804034ec2b077b48d26935f0b231d7329ce884f02dcb584f97,"IntegerUO,NonVulnerable"
6d66331855fa6c6c2a64ecf8e0a6d38eadb3ac0f33a320f86d7681e0313d994e,3,0cb797570341bd46aa01c6264f544bb1d19872b985026fb70a325d252b172e8d,0cb797570341bd46aa01c6264f544bb1d19872b985026fb70a325d252b172e8d|8319e9a0883f2e6393eb27d96131edab4677dc46e2838eaba2e7e994c6537046|91f669355607e1c1520e9288ff97b84e8a96994a5054faf781a3d0753dd8f613,"ExternalBug,IntegerUO"
a27c287e4b8f8d6d0c7ce6a24ca691ae28f7df893e9b29b317fc81740829d4e8,3,0dc4f634ea5d055d17e9055be37ca6f08bab221d9ba1ffa14868852b2b0f382b,0dc4f634ea5d055d17e9055be37ca6f08bab221d9ba1ffa14868852b2b0f382b|29a27706898134f1ae64e416c2626089cf1cf57708081b7b569a9e314da6b4a2|a1e79dc06ff64b9a6247bada0f37a35cfac96c72dcbaa1d0b86f2e2a742e8570,"CallToUnknown,ExternalBug"
63d3b413be46d24d719538008b9e44f28ba9b4bab976de0d8ecbcd9195b1cea6,3,0e1e7774f60f88f740c897e26f064ec9bc1b20b18b6c6886cf091430117426ab,0e1e7774f60f88f740c897e26f064ec9bc1b20b18b6c6886cf091430117426ab|2b6b740f47f36bea2b1eeb5cda8c510658360b25635e2007123a9aff980a915f|5660351f852d7f6e4b3ee8e15c1c3ddab485b82c053f3461e7de1444c155b0bd,"CallToUnknown,GasException,NonVulnerable"
082298d2de47fdb078964875751a04daa653cdaf7d0b2a86c429ee1268bb1046,3,0e3e9e2d508c5fd340ba2701239b1120e89a442c794cf53da81bc288336872aa,0e3e9e2d508c5fd340ba2701239b1120e89a442c794cf53da81bc288336872aa|b32f47e42a17494f138f43bdd828d58714eea3ceff7fd6ec799fbdf15309aa2a|b7488a588993b07c0f94a9b883a6a069383e741f7c7003a395ba22d46cebd7b3,"CallToUnknown,NonVulnerable"
37780586ec1c82d7b1766a22f28977d9d8ed22485d4581dbeec0da074ee2e346,3,0e58b4a0d0ede5f9f2955815ac18b7a13aee4e615862d654aa4d63085ce3631e,0e58b4a0d0ede5f9f2955815ac18b7a13aee4e615862d654aa4d63085ce3631e|627877dfc749955a8d06f58fd7f74e27530eccef304f5d0f64cde3b697352f50|7c23461d1c5f4501dd0de4793e83ef9754f4f046fc7ba4d842742d870ded9581,"IntegerUO,NonVulnerable"
8984e8b428371cad0bfaa51cce4f750047505d8df1b55d29b1dda7916dc30617,3,0f27a9e60a0a1f068dbea98bac6f38535ed33760592c2df8b0ad99e12245be56,0f27a9e60a0a1f068dbea98bac6f38535ed33760592c2df8b0ad99e12245be56|562e9b04263451eba9962720e1975393d600f3a35e88e2b242e7dd708b192cb2|7df86d96687d97c91905070080f76b682abed7b94d810aca848ccee700e99ada,"IntegerUO,NonVulnerable"
29a56363dfa93d410f8f40042a9ffe55a91cdc5d1e9c124af9f54355fc80e8f2,3,1076ec1ed4333809f1b80c22cccc16b70829af6ed31328fde692485f91d654d6,1076ec1ed4333809f1b80c22cccc16b70829af6ed31328fde692485f91d654d6|1dad5ab445d9c3283719b984c655780a51fafefdea0895c9d46a03e7f7b9d0bf|23fed02fe1267e64c0321b25ca33968970b1ffbfabf400eed1c3999a998e8105,"IntegerUO,NonVulnerable,Timestamp"
7f4aab89abe1303a527baaa9e6ccec56872051731d100c87081800a1a9d09ab7,3,1301ad3e5118e76ccd7d128faed9c91193612f42536d859bdca2340028ea9783,1301ad3e5118e76ccd7d128faed9c91193612f42536d859bdca2340028ea9783|d0e1793298015534ccd172d7afdec8246ccfb0c4092015466a0ffc7e8a2cee70|d446c0bfbee51ebe5a89999663d2d5cac58398c813b6ba574a3deb83ca2afd0e,"IntegerUO,NonVulnerable"
d1ce666dcdab592439c757509396af98a2773a3308efa1ad3c872557afc48dca,3,141cf45351284fcba4cf1dc15ef8e056b9f40d69b45d167e8d9d9ee77b186298,141cf45351284fcba4cf1dc15ef8e056b9f40d69b45d167e8d9d9ee77b186298|18e5096b3b5705f43d6230c143d79bf242ad976577d87c79bb638a4442001588|222ab8abf403a1c1f3ddad67125f792c3a8b92e320a0bc9343ff1773e7bffe49,NonVulnerable
ffbcedf4117206080289bc8f10da258e07345d5f1023ca410885f1e200306e08,3,157206d8a02b6978c3855bbd6b4cb5194b0dcae5416fa758f8fd11b6308cc631,157206d8a02b6978c3855bbd6b4cb5194b0dcae5416fa758f8fd11b6308cc631|3f7b5a50b2ba7985a9f77f3f136046e999061108d88dfac58cf209dfc213adcc|ef958f4c4a2964c5718732b5d7498585b59bed2301ceaa932a3f57411a0a6a95,NonVulnerable
3c6d9e2315644e9e5ec76af69f762d26adad1fb62bfde2d13ccbd5e983b01c70,3,15b915c20d2e522fc275ec79f43b6de8998b0a97de0bb798da1b8f92e8c475da,15b915c20d2e522fc275ec79f43b6de8998b0a97de0bb798da1b8f92e8c475da|345be61bb37d715f7e3baa816687519fb6ed4bff4a9d6478dbfc88449be5c09c|c001ff90ae28d15e5d20c7d25641c8a077e50d606c34093219f128176e84b871,"IntegerUO,Timestamp"
1e72b830decb45023be398134abb7e9fe9976adbcb18753ea79a51d8344b0017,3,15d05d42eec65f7fc883dbea30964d62dedfb77c6da818a92bc21d04e3503754,15d05d42eec65f7fc883dbea30964d62dedfb77c6da818a92bc21d04e3503754|960c5775fea2ef0b122b0c5ee4f8a462e2036813c5fdca02793b99d5249623d3|ec11d68065495c0cc7ad5bfd2b83268c0b2e5c4b2daa32c9b426a9cae9c3d789,"IntegerUO,NonVulnerable"
77f2fc67701004e10b6c701c3523603cc0821aae76a0c6876bd1ee3a5ae9a208,3,166ab71ba9b2be300655c084412339cd91ba7e890dc3b5f29acf8cb45ee64039,166ab71ba9b2be300655c084412339cd91ba7e890dc3b5f29acf8cb45ee64039|1756eeff9e2ef7ea1310118d8669b8260c5016fee2e79c3d541120fe4ec3d285|93f82248c650faf18d67af04a0a4f96b98a41709ea0c0bbcc9c31a9c51c41727,"IntegerUO,Timestamp"
e6e78332d81aae2d43f449fb5ce11af3bfd1d1f5563ea6fcacd722ad7c4eaffe,3,171e846d6ffe4bd748c25d941b90f512e26ee0416a1a24b2805f4af2470c8a59,171e846d6ffe4bd748c25d941b90f512e26ee0416a1a24b2805f4af2470c8a59|ad2af38dd8f736d52167452b3fb36bbf3529f7e69dc39a5e98f702ab76b7a821|c71a65cfd8691725d72724335680fe77e00b8e169d151831d2e3df7d1d97c6bf,"CallToUnknown,ExternalBug,GasException"
31d76a61a97456eb0fcd8231ddb31f3c0e2f5f89ffd37072cd793867bddc2fb1,3,18d9af65e15f9074ddd91487f72109b1f3b755b12cffb0b271a7f20fe91bbc3e,18d9af65e15f9074ddd91487f72109b1f3b755b12cffb0b271a7f20fe91bbc3e|ebf180cd674e3be984880c903fee7a260db52d91f3bd2369b948188769d37171|f730a89997dbd4a9d5a986f678a3720ac019f64c84dba6238e3a376daf004ade,"GasException,NonVulnerable,Timestamp"
ee0a2dce5599e030ba1831cd2352355efdf0b9b1613bda3e42a10e7ba5b5ec10,3,1a1c26fba19b96549173cefab89db47906507eab44b35762594408988ff00250,1a1c26fba19b96549173cefab89db47906507eab44b35762594408988ff00250|8bec591c40e104920ceae374f7fdf3725e5f49faf83d1d801266d6ee48f88ff4|b4a60b559dc06a64596ea50425b752291305a7155ab04e1905a217e76adb7eec,"CallToUnknown,NonVulnerable"
a0ef56463d3877b9a274f99f4648f75fd044840445a8ba7f7b2fa81c4f4cdbf5,3,1a5e2f369492ff5f4e809f6cd8679b20244cd7038a8f30bae8d94d77842a7bfc,1a5e2f369492ff5f4e809f6cd8679b20244cd7038a8f30bae8d94d77842a7bfc|25642a3a4f7998c043455c810e0c77afd9358337f0f7d8d966f5cc1152fbd24f|a15b7d87572850759ec6024aab562d9cb519a7aebdeff5e61b54dd934022984d,"GasException,NonVulnerable,Timestamp"
77462c644eead191f550977bc01346dc3963b63887564932bc4681d3c0361077,3,1aaa221de9bc03c3591e9a5784de303f7cc59ff42e9d351517c92edee014c262,1aaa221de9bc03c3591e9a5784de303f7cc59ff42e9d351517c92edee014c262|21cc3029f7272be079f1cb8efe9f1a9e133bda57fa629195f378aa5201510596|ee85035c35c5df90802015efc5ee98e32de62651d97d6c9a0d68f285a402dac5,"IntegerUO,MishandledException,Reentrancy"
5939cefbfacb240b83583b06a0a7b79e9b7c46245b0f503e669d6447a2d4ea54,3,1c148860f90195b782777dc34058f4e4105c81b6bbdbd5d72072aff5354464ce,1c148860f90195b782777dc34058f4e4105c81b6bbdbd5d72072aff5354464ce|2414c4d96032b24d5990f52972f28bd2ac9e42f060cb21dd86f3820be33fe166|fc7cb8a6ce97cd4434a202badd3d9e163ae801a6b0e6c9c953e73fe0b4787ad7,NonVulnerable
88b64380e49fec922a090e814c56b1416cef3a411f5c2ac8d47a0d9f1b2f5544,3,1f7d7434caffc8b7ca905affb8bebe0ae99912ac7a8539b803e52fde51b8feba,1f7d7434caffc8b7ca905affb8bebe0ae99912ac7a8539b803e52fde51b8feba|300aac93ac4a09077144f2201c8dfc8e475ddc28b7adaddd486fd0195979f24d|645c93ff3f7fd285b1ad15a3fc7ca669d7e10d4ac21d10029bdc80e6e7de6359,CallToUnknown
c9c33162578c134ec40ec098bd04dffd97a5312371b2d1d3e3fd88523340712c,3,1f911730ab83648c0d896ab71bcdf7f0b1df059d1e1057bf07b1b27654f7ff17,1f911730ab83648c0d896ab71bcdf7f0b1df059d1e1057bf07b1b27654f7ff17|65756710104e261b50552395f34d31633d478663142c9d863212291f807f679e|ef3c8095c27eb64607be570fbc6047e1f1cf47efcb91de28f58bd17d0bdc105c,"NonVulnerable,Timestamp"
4fc11ec56b355adde34330e500e8c8dd1a85c8bbdfd0d61e7b194f74ca77e5a6,3,2155618a418130bfd62f4e333253c6e8888e8b1fb061d483f49c8810b2855519,2155618a418130bfd62f4e333253c6e8888e8b1fb061d483f49c8810b2855519|d11bf78a6e7b65e2577f059ce3c2a04ddd111b44477d1e23b050608d8e53c021|fcb99e8782e168c0214fa87d7936c5857901395e8aa14b3edc8f45dbe343801d,"CallToUnknown,GasException"
eb0bdc8ffb1f0788451b64fe03ebe2e7b8621705dc21b5b8549aee269a24001c,3,22094f2a8dada75cc3526183f1bf81e7c099f4c36720400f1f0ff49690e91cf6,22094f2a8dada75cc3526183f1bf81e7c099f4c36720400f1f0ff49690e91cf6|8526f26de9635749be3bafece0adea0c435f7a350a636f33e1641315f22822e5|f64870d893236c7dae8e23cc2b3d3f9a36c230b82571d77c967f6846f173f6db,"GasException,NonVulnerable,Timestamp"
9f63cdc95a068fc874f53f922c00ce59cccad5b048922c141df10dba2726c150,3,2477b653b50b2d68644d395b1608e7bec3ea6cedadc008c06403bd750dae4a88,2477b653b50b2d68644d395b1608e7bec3ea6cedadc008c06403bd750dae4a88|292be6ab1988eb819603d281c700df4be812df4e82f3b393ac8fc9f48fb2dea9|cfc668e599ab54526186e81b31b5d93249c90271795629e57694b34d400304e4,NonVulnerable
74cd17eb1817b0d43f6b371f9f344900958f19207915db1915fa024854f76e9e,3,2569cd005b2c2347afb44ef2b802cdfc2e61e78053f4d875acf3e5823e5d6bf5,2569cd005b2c2347afb44ef2b802cdfc2e61e78053f4d875acf3e5823e5d6bf5|354d11939e591a5338186913ce7174d73e5a6417acaa6f4b38f419ffe3726c13|6f6c4e4f8663bee2b25c2bd99a4d35a3ebeaad7a87a391b1d7e7fd937ff2c0c4,NonVulnerable
609242cfe2ceeaa0def06eee8bd552bd128cb239637f286eed49c59a065a9c3f,3,272a618fe5710b35549cf98b9de0e9b626ba2ff3ee77a867135d4e8619ed1e94,272a618fe5710b35549cf98b9de0e9b626ba2ff3ee77a867135d4e8619ed1e94|af3b6f7cadce0b9aa60fea0c8bb13012310399d2257d07ad0a20b11a62835dd7|dcf9ef7e184975dac7a9f2efb5712a71e7e5231f29d2747fb5a51100944fcac8,NonVulnerable
7d2bae6ab2f9f8dd869a7b3f5c92079c203b993503d42ec49f05f506bfdb839b,3,2884fab1bb099af06a57e7cad8ee45e889f39d03b45520a9ba57251afbbd858d,2884fab1bb099af06a57e7cad8ee45e889f39d03b45520a9ba57251afbbd858d|627b0296eec60e20451fd3e8e9021bf683cdd770b623189c989cb2f9bb65bba5|bd3f06a2b016d85fd8a5b20796f2a5cf493da86c1ef02d7c26e34506794ad250,NonVulnerable
c5bfcf62bcf64fc27f9c57ca27e6cb863e737553cf113cf506c2583edf6db300,3,28bd7f869502cc97e66a89ba7411ace9cb784b7f12589aecc579a768c3366625,28bd7f869502cc97e66a89ba7411ace9cb784b7f12589aecc579a768c3366625|ac5d274861ae90da9f455cb080d6647ae58534ffe177fe0df86b1b644894e9c5|e770cb1820bb16d5e72a9663db7ae3f4cc68247278fe6cd992d3bfa6a318ab27,"IntegerUO,Timestamp"
1502d84a801f5d0f612868c1a89f658a7cbbe925a246843c9fc3fdc2a4231e8b,3,2b39c07a636cbe5753e3e9bdbb5aed952faae8579530c86e027a26ffaa603c54,2b39c07a636cbe5753e3e9bdbb5aed952faae8579530c86e027a26ffaa603c54|4f94e1d455df2695b07fcd5d19bc6a31f842e3490ef4ab37112d8213a120a906|aaa5cc781feccf68a5d1b3d758e98ab826a6b1d4e155dc41178058da24ceb664,"CallToUnknown,IntegerUO"
dd76dcba904ed4e5c49187f92ee70b5d8a3944206f454fe806de3b908860636f,3,2c4749680e7e4a76aef2d176d6983cba8381f82abc2d8f987036bc8ecf5d4770,2c4749680e7e4a76aef2d176d6983cba8381f82abc2d8f987036bc8ecf5d4770|2ee0555e2ec0d3d4355c8a0d4ef0b7b931c36bf78f0e8234572d51bb9fa39550|f4a47510bf9997b16683c9c6c386de96d93cb1751c772b9d5415211479929110,"CallToUnknown,IntegerUO"
99273ecad17f59453231924a76bd75c3678b8ed49c14682ad94c3211b19a0a2f,3,30e1751f8b73e3c0d5cdedc303e9455b821ccbdd2fd0d7d20e3d8a15684b3efe,30e1751f8b73e3c0d5cdedc303e9455b821ccbdd2fd0d7d20e3d8a15684b3efe|3ab49a6af4a70e76657ee47e3c669258414b2126cc05f64aa33c624eee1d6147|d0e67c992e4aadc7c6032d954c05c9b758e86fa92982010eac34a6e87411d863,"IntegerUO,NonVulnerable"
f42cee14f3c637a290cb732640d53b05134f6b604f9ade12e4a9bbc352d7c634,3,318da16f53cf38d1999381409b8a8b29eedf8c38725f8948e8b39d5a3a88c5fe,318da16f53cf38d1999381409b8a8b29eedf8c38725f8948e8b39d5a3a88c5fe|901f8e8aa13cbf42531a8c420e181138978ac56bab743d4bf40784ef6b1af188|f4cdaeb0f6036d388be19b97e6205c5d773a18a2c158b6cdbe9951bee373f3e1,NonVulnerable
76166a1668c200388ec4dc43fe4797d863493260e8bcb1aae1cb78fd2f44964d,3,31af5192d131ae5fa8681cddbcb8721d006f35a6215381f790a45aeb2cb16154,31af5192d131ae5fa8681cddbcb8721d006f35a6215381f790a45aeb2cb16154|61d2ea6c9af3fae3007d78eb61a9ad061ddaf81ea845c4c98d52105f4b9a43c1|ca0cb4e8a5ee772a636ad4a97bcc3790568b22d956badf63ae016f188c56172a,CallToUnknown
3cafd57ea71f92fb4808b8c52e051b8d833e98fd8501cfe54968a42e2beac9e2,3,332f11b08ee170768f121a68428b1a79d253f76d94a65589634aeab52697e2a2,332f11b08ee170768f121a68428b1a79d253f76d94a65589634aeab52697e2a2|47d205a3b65955572a5cc7ce2bd986679f7438dc131b8e03d8a502109671672f|7f4758d44cdff915a40df7a00285cc650f818a0f76bea0e110725b22052c9253,"IntegerUO,NonVulnerable"
e50228c49a7e6609a20413532087bd95f3f601cfd0d563a1a41ee9b0a2be6ff8,3,345b7e91132a2518c2a7d040d5a6e0d42af71a4e6c522e94083880e580314f96,345b7e91132a2518c2a7d040d5a6e0d42af71a4e6c522e94083880e580314f96|b9ac0fe12069af9bcd26f9e9f508f37bce68d84f32af4501fab39334c3b59047|cd14802fb7e1ca57e41de8d68a047b0b766ba392ef6b069451c513cee8da7b81,"IntegerUO,Timestamp"
0f3c05b4d5ea3da0ccffd7400f1d6d964a1b54377777121c93be0a36642137c3,3,3667afa669eda01979a3a7f29ffd3d53c3e49e1d4903a6cf72e4cc0b837e1c18,3667afa669eda01979a3a7f29ffd3d53c3e49e1d4903a6cf72e4cc0b837e1c18|98dcc8e2beda585a354d983f945c58c2e2a710e6d94c074b6252855aa219f4dc|b1028a12289d61cb73ca9e50b70834124cbb438a57c785beec25d75eccf934e2,"GasException,NonVulnerable"
d952f199ef25eb3406ec13f80de718c7fd3eb052bb23ba4b36041ddb5b2270c1,3,36f97e952bab0dbeff960dd16afc32454564c14125286c8d9d0d54be3f2d5b1c,36f97e952bab0dbeff960dd16afc32454564c14125286c8d9d0d54be3f2d5b1c|ca38f80b432f2e078f87159990aa0c76651934b86baa2a5a4186b8b8c23519fb|d75e466a327d6cb3768bec50babecc8616947d8cfd1ea2b1c4678231e3897b38,NonVulnerable
a8d9f6279ac57fc47c61f3f27e33439decf4f213bb29498f7f491faa271cbdd0,3,3741060baf3d0d127d88ac98969ff25f21df0104a8308d32ee4bdf4413d142a1,3741060baf3d0d127d88ac98969ff25f21df0104a8308d32ee4bdf4413d142a1|58ed1e637be351773d2eb22dfd29ef46b2502554d27be4a99ff2d91ce0c36a7b|b9fbf1ab706b4816b8451651ff70120f7be7a96d9a3cda139d09fb2c8fc0d9b5,"CallToUnknown,GasException,IntegerUO"
c54136dafabe50e7a9b7108d02195698ed0276d516a0f671fe9fbe6d75277e84,3,3743b7991bd81d5bbca4db6e111448ec808c97a88fbfbafb0e2b237bd2ee9bac,3743b7991bd81d5bbca4db6e111448ec808c97a88fbfbafb0e2b237bd2ee9bac|4f9e86eee74fa1dd0c903895766537053c9ce177a949ee61c0a0012e07df10f1|704c867a42948732d08b7784a72d471313acde54e3d5a42df77e9a68db79b627,"CallToUnknown,Reentrancy"
48a1ab87c7979382a7f932307b22ec877a24c148f5bcf41a92771263c12dc586,3,37df1c91abd7d1c62e27a05b7a5dc5d5f7b02f182a0b1bd911a80c0bb5b4c57d,37df1c91abd7d1c62e27a05b7a5dc5d5f7b02f182a0b1bd911a80c0bb5b4c57d|803de83887a9dcc80b5e3ab9bc415276578f6997581ea922cfb871481cac639f|d6ce4d6179da4c3f80898202f11f8678986a0bb1313fe1f33b4672be3f917da9,NonVulnerable
c76ac7f51a157916a90edaddca4b5272d677f7da1f26bf50b8efc82bd18b63a2,3,3c434728c3b74b3a07d788454ae0711e4d26af39658d1124987b748b85dd700a,3c434728c3b74b3a07d788454ae0711e4d26af39658d1124987b748b85dd700a|57c9e552e86ea52f759a0619029fd28d2c6b731b20183893f585908f409d0a82|824846ba9146db42d156ea523dd4760d05a182791f0ffda7482294b331b92177,"CallToUnknown,NonVulnerable,Timestamp"
42e036880e4352689ac6c21941d6851e0f17f412d5c3e2edff88b38a3a17c669,3,3d27ce438429bda92cbc5f5f5e083ca34b75ded0779fe112ab5834dceb4cc88b,3d27ce438429bda92cbc5f5f5e083ca34b75ded0779fe112ab5834dceb4cc88b|85669ea4858256cd4b325c155afbef5164173cca28dd369605af92f16a1042ca|e79277dd610e91b3e7da420035bc4487886d775b2aaeb5ba9c4b893c96698fc6,"GasException,IntegerUO"
40d28b92922e5d603b0d30aa052f7c10ef0a9a4177f2d911cbd3f3f4357f2606,3,3d8cc66bfc3d88108e68fbb62cc665bc8bb1cefccb441f0ea217aaff4d2a8912,3d8cc66bfc3d88108e68fbb62cc665bc8bb1cefccb441f0ea217aaff4d2a8912|4b54e24386adbba36b2ce7fe2344803f5d42c45af4351417d174ddcf9f9ce303|4f82ee4537cd28e4d25fe7e67f1a615c1c0a8d60e469c67a90331bb4acd6aa26,"CallToUnknown,GasException"
ca7e442630fbcea4f7b495c71fb3e135ee7d46616a51c55350bf73c39ccd0075,3,40163dd800c3b5cc85229693687d74bcbce24bdb6161cdf9eb37ef43f3308cba,40163dd800c3b5cc85229693687d74bcbce24bdb6161cdf9eb37ef43f3308cba|aa94489d4c7280ae74842be56b85a6b44c3aa9193bd4e7c569549385126527d8|e5e44d84e431df73deb670397023470fc120f79c917c31d08c8be7c7638b05c2,"CallToUnknown,IntegerUO"
d482b7c06ccec725e08e90e1a20aaf2133f43e6c8a37665b423155a6988b07a7,3,4067f7964c7df9311ac7487c3c97d6bc25047ead936cb4a5d24384e2905a713c,4067f7964c7df9311ac7487c3c97d6bc25047ead936cb4a5d24384e2905a713c|5c920fefea3930b449a2e621b166117afb857092f7c15a2619232e080afdcfc5|78a5446e2871c2f53c4a59455746be413f532aa895bb546d01d08c4d9265dbc9,"GasException,IntegerUO"
888c5d7b0ae44b3ab25bd5228ed4bdc2547045b8aa2eefb3bcbdb05d4a5d2848,3,411dcd06caa55ae66f238eefe6cd4718105e08830ee56387c7372ab840b34167,411dcd06caa55ae66f238eefe6cd4718105e08830ee56387c7372ab840b34167|bf044d812550bd4c402ac88b0a94738d9e19adf7cadd54277ad3c12b6704268f|f83dc5aec11e8ad08d870a3e4650736878f35afcebf8c957666135dc04cc99ce,"ExternalBug,NonVulnerable"
1c31664fb2e528968a67c18588c96c7545706e1f6cd87aa35ae95853f795c2f0,3,443d701b71b5dc1def9b7a383d3983ac74b8c1fa6cb1b37899f6ebaaae598416,443d701b71b5dc1def9b7a383d3983ac74b8c1fa6cb1b37899f6ebaaae598416|ac0b15bb113a5373cfb68caf85670b58d43fc1787aa9eddffed609e07f70df43|c03be471b5ccd073ee99fd1d4ffcb67587baeb67a91b89fd2c3ca280b5a04a8d,NonVulnerable
fa0698cdad312d57235ee8b354531e8ecc6a37502ce2aa14792ac3eabc72ab12,3,44bcc0d1ace47649e2fafb32d0b2592d5fcbccb2f5f0d37feec1ccd9cfff6ddb,44bcc0d1ace47649e2fafb32d0b2592d5fcbccb2f5f0d37feec1ccd9cfff6ddb|53ae0562a2349d4f39fe4fcf6b5908c09c702846e354a2eae6939651c24e61b0|a0571f693247b386fb4b9df187b1ac4fdbb4064efe5b7aa890b8d715afe479a2,NonVulnerable
9ca58e7a48f8422246c97c17e5b7cda45bb858dee0067391b9ae434b63cb9143,3,46d399684dca587cbc9655ec5cef830fc67d673eae944ae1677918e4dd976a7a,46d399684dca587cbc9655ec5cef830fc67d673eae944ae1677918e4dd976a7a|47c00c1ee6219fa9b1a5f0aca974a4da84e83f6f5a437fb2f046972a8f372d1d|5e58962965ffe27c014f95cf8edd5babfd624aa4e2a5912e7470f5dc135d5090,"ExternalBug,IntegerUO,NonVulnerable"
26b2635f89eb5f0bf33911c3471301f330cd72266c8760205d04683fce4a1352,3,478a54e9201b627243f67e7aa084988dc7badadf0e1e5fb07b9e4c77638d3c99,478a54e9201b627243f67e7aa084988dc7badadf0e1e5fb07b9e4c77638d3c99|7eb9fa52ef365755ed9fd78c053ee28ac0dcb7682fd6ffeec2905d15b48e1c28|ee37f1cfda9a9f2329ff982f8f003bb377571e92f414cd1e02ac40b54c01fefa,"CallToUnknown,IntegerUO"
f85568da4868d3aeef5c0eb8c1253dc74f275a72a7722101004eefcb908b604f,3,47b1c1e4b9a0c861e65c52543dd259cb2d80af5a7af2d6d1938776d81b823a02,47b1c1e4b9a0c861e65c52543dd259cb2d80af5a7af2d6d1938776d81b823a02|80021451e3fd6adc5fd7339b033f40ed81087433e2269c2d9d445fbf464469e7|b50a8981b95909fe8d329fb11a30d3c0a525b027698e2ccbad168a9f6289b727,"ExternalBug,IntegerUO,NonVulnerable"
b6731b4e0224090f7966f33ecd72ca598c76328d48a3667e72f742b32d39bf2f,3,485a70f6e70010dfcd54229abeaa8f606c339cce47dbcc9054a1c51b6253015e,485a70f6e70010dfcd54229abeaa8f606c339cce47dbcc9054a1c51b6253015e|5e88d7b9166ff7fa4cab9c70ecd1e685c1ce50d4dec98a29c88c894b2eff6b67|aad96dc4f3fc738e0b3e7296e1c9740ba80dd2ffa7dff2bb8311e079851a7347,"IntegerUO,NonVulnerable"
1b5220be9d0bbf99ff7167975c2609c2796bb6eabbb5e83e570b6a80b6ff14de,3,4a3aac128c2ae80c714e6a12a84b5afc5a09e874342c15dd0c118fce0914692a,4a3aac128c2ae80c714e6a12a84b5afc5a09e874342c15dd0c118fce0914692a|726346988f237e43271d5f388ede7f48797f2638fb41915d86e5836050097849|c1f4e9d164888ab4ebdee1892c1ca3fa020a208adf1b32eeeb55bbdc8705fc1c,"CallToUnknown,MishandledException"
9f4316c169b0be746f86813c48ef622e5bb06d252e5b1a3b6c4d8ae92ecb942f,3,51a9b136fe8a9787105ddf55c47eb0abcbebd0b2b27896f7a75fce0405534637,51a9b136fe8a9787105ddf55c47eb0abcbebd0b2b27896f7a75fce0405534637|7547f21ab06b60a2390fff8a8716eb6f5664e1d3a4583580e291cba051a43476|d9542cd766510cf7b60fcabeccd2898da9794560775030387cb692f144c60b2e,NonVulnerable
64fb020232acfcea83850375474dd191fe40b6d0b8058bbf6c1bee6cfeb5eafc,3,542d7521d5b948cd3571c4dca960f01b6aadab7c8d1c6d1cdc5db83ab262834b,542d7521d5b948cd3571c4dca960f01b6aadab7c8d1c6d1cdc5db83ab262834b|6a4e81784a902c115d38a7fdea3481b019c73d464921966aaaac735f000df121|89763f7d28730e8184b64f99c78fc0dc209cbe4f478825dffa76d295b5ef388c,"CallToUnknown,ExternalBug,IntegerUO"
c96d473444a1660632b65ba950bc3a7eadddc4153397576d2b3fb787f462dcda,3,5868a1a7a6d91fc7e5752f1c5dbb77e733ed2310bef9b0100fa53ad31c39be7f,5868a1a7a6d91fc7e5752f1c5dbb77e733ed2310bef9b0100fa53ad31c39be7f|c445455653f3c08eefe28a001d1f2645b290fd5fe8e234cf9a876dc7672cf583|e89fad80181de6d3b4df3396a5113c163970b7e733f816a5c5f4b15e4980d5ac,"ExternalBug,IntegerUO"
1849ff9dca36d16a6a69745057a8acf98798d864028b51f11ae7196517fefb8c,3,5952cf1820674ea83a222bd44df9b87323ca1dad31d93ebd5026b8c9daee8346,5952cf1820674ea83a222bd44df9b87323ca1dad31d93ebd5026b8c9daee8346|790d2aa073fcb972f8685ba84c95be9919bf4bc5122e4a15525142607b079324|fb92e690e257fb5cecf8f49f9c989434239f63ab16043184380c19dc92369293,"IntegerUO,NonVulnerable"
f4d64414f9255cc436f4fe0a1237d659ac832fbaed23af9713dd4a3729ccb617,3,59ed4807c09ec18d161c615a002945d11bd8023580507236d60c375fe2ce1d26,59ed4807c09ec18d161c615a002945d11bd8023580507236d60c375fe2ce1d26|9b6effb1b1e791cceb141fb41681eba88c9e02f1aafda9751c16b30d35e1532c|b0978df4d9ed19b2f3134f28cc85a97c853f92c60e155251e9a8aee132fcd7e6,NonVulnerable
3e344d15782c686f586d8f53a2332ac95b074e0ec427d7f96268127b04a63adf,3,5f1c4ecb15a8b72087bfff6150a78188bc81ea602dfb034c8408b3f5ad40c8b4,5f1c4ecb15a8b72087bfff6150a78188bc81ea602dfb034c8408b3f5ad40c8b4|85bc0b97f99e503e30a74173e6083fafdd6bbe5aab55887dba2935fa204c06c4|91aa7a5150201166be12bb524798472d9f4bb7ab070567fa6b273704f290fc8f,"IntegerUO,NonVulnerable"
c17235a80e7eca653242f828f6aa13734c5048304f448c9f8930eebfcbef206e,3,5f5d195351005bece2c3ac188330cca49c65a5e72900a958f1cec070d74da260,5f5d195351005bece2c3ac188330cca49c65a5e72900a958f1cec070d74da260|78bf1ec87828a5a814aada6624efe03c0732a14dfca1985052614b7ae5df5f6f|ba668270355a3b155da4cc82313984d590115a11bf9bc413ea6979a4bf94a3cb,"CallToUnknown,ExternalBug,NonVulnerable"
be069558e84ec00b1016f863fc7da6cd5c3bad6841505803615803de179ab425,3,6026061ad13bf96cca94da8f8e0b9d3ef902cd4dd4a483bfffb47ab738bd987c,6026061ad13bf96cca94da8f8e0b9d3ef902cd4dd4a483bfffb47ab738bd987c|b16cf8324dfb7a844ab6050b260bb4394b28c332b389dfa860f174a31743f6c5|e031448b767023e362992daed52be2279f7a0b65e528e34350ed1044d59794fa,"CallToUnknown,NonVulnerable"
7f7657d4186317845d1ff7a033f2959a0c660e3322fcc9ddd8080b7956608ff9,3,610ad247aaebf1682877e4dfdc40a18a0c179c3ff35cf45457d6789cbd4e13eb,610ad247aaebf1682877e4dfdc40a18a0c179c3ff35cf45457d6789cbd4e13eb|7ce7c25a4a066b4c01f8bb32bc45ae35208766dfc3d5e51a85d1e455ef9f4be0|80fe0b5706b649436d780d25ac9a008108246c02b26b588681e99dbe78c38a9e,"IntegerUO,NonVulnerable"
666eb80e1da6e8795694971d3bf6f99551906f97a7bbbedc6b05fb5424f2f3c4,3,6403880cd0e00dbbb77fc71a761b9e036de458bedfd101178e245bfd0693d7b9,6403880cd0e00dbbb77fc71a761b9e036de458bedfd101178e245bfd0693d7b9|88fe6694751218a3942af0bd112601e0bf6e96ebec95168f9f2df6149d8b24e5|c2e6b497c0d5db0bfc3e3e2735a7214590aaf089ba945e9864e6b50ce6c567c8,"IntegerUO,NonVulnerable"
1829e88784f51b18784aeb4868a5fab98bf63b4f9a4ef694d10047ff5c56b0f6,3,6719d01acd99d254a23659b6809c3dc97b67ee6b67d65ff285305aadde0cd624,6719d01acd99d254a23659b6809c3dc97b67ee6b67d65ff285305aadde0cd624|ab237b88dd91b7be3b307af703eb6bddf8fa0947e5c6e71200a1d49973a2ea4d|c9dc181169d388d45b3e5195bb840cc5e29fabbb0e8329e4bd5a7893139816e7,NonVulnerable
e7b142286fadb6e1471ee0c78fb42e4a0d070002985d57a5c241f48b778a9f13,3,6c4ae3f0fb2a3e102217700c691f922e07130db5ca3b7247f10c1bd52f378937,6c4ae3f0fb2a3e102217700c691f922e07130db5ca3b7247f10c1bd52f378937|add9189ffeb339a151d630eb5167bb10e7d31338a57b3d49fee8ba7b688ea82f|e1b42bbfab005e5e0a3fd91254bb5c58fe3ccecb31e89e602c3af09755ea4338,"IntegerUO,NonVulnerable,Timestamp"
dbf94e19e7c449d6d49acc2add7841e535bce6b8d1865e790a0b330c9d1e4b28,3,6fb02f87000d83d82b96c1262cb58d79fb77191cbcf9ee93d9dcff8465c2d621,6fb02f87000d83d82b96c1262cb58d79fb77191cbcf9ee93d9dcff8465c2d621|b5a904fc78aaa98aac08dcd8e49f0e866d651fc03563e0fe39e79a31a0b0e963|d9135ae2f98c78e159192b720acf4fe16ba9ee029348a910fbc3d3e22a247cdc,"CallToUnknown,IntegerUO,NonVulnerable"
cb6cc21b545da27d233553ab57e20565977e375acf560abc28e2d126d00d13d7,3,6fe7584b91f83aa43ac380beba1f486a33a542da847d87e73dc9a0c1a6331cd2,6fe7584b91f83aa43ac380beba1f486a33a542da847d87e73dc9a0c1a6331cd2|818a237ddabb4f7124f788d6ad9469c1902ad5ce092354959939af1ea70505a1|ca925057ac715513776e10d8e589d281aecfc8a995fb743cf149c2ada78192ae,"CallToUnknown,IntegerUO,Timestamp"
40c28d4849da6facbe31440b92d34f59da6972af5472eb323d816cf44a9e39cf,3,75253445587f4fe2196a84531837c668174e5585a34403d1bd4e9efa6e08d0e1,75253445587f4fe2196a84531837c668174e5585a34403d1bd4e9efa6e08d0e1|795dab47b7f07fcaa1041c40875a6db74154b89e166d0bdf4eb9e4a8252bf458|a7dd3abf4ef5242dce90f1f7017f5ce97a1f915f8c994bf1d178cddf01df4117,NonVulnerable
901c080d60e94dccaaf64b0a686b4e597c68533b894a228372cb254c05d8ce7d,3,76f75c3fe3266396d034fb5ba0bc89471a851ff82a8081246c0ea1a6191bb13d,76f75c3fe3266396d034fb5ba0bc89471a851ff82a8081246c0ea1a6191bb13d|8c33db9f7ff9e21629d860fafc976cf4fb921dbe12f911b857fb1d2c26c421d5|f2c4e03010e00521a79758433152cba98dd9139985ef24b27b8fb05b5384ef3e,"ExternalBug,NonVulnerable,Timestamp"
f4d5e201864b49ee5818415ae573449e39e153423bc5157a4da553c911c0a649,3,7c83d7ee666e13cab34fc7c0b6dc53a0e9d7a00b1df2d22bca8b5d65039bdfc1,7c83d7ee666e13cab34fc7c0b6dc53a0e9d7a00b1df2d22bca8b5d65039bdfc1|bafa3fb2d9b963708784eb0c552d4ed473768ca1d6611cdb7a71f0943ce657cd|d6a439a883a8d568a37cba2b26673d1ed1709331e38c8466edfb513004fc5c50,NonVulnerable
c9aea19ab2484b553c986b31119957cdf3906ed04d61834cc283adb02bfd053d,3,823813d2f43e95ca4dab16ec3c9285c0577ceafae97a77d84b126761b3f45701,823813d2f43e95ca4dab16ec3c9285c0577ceafae97a77d84b126761b3f45701|a65b5ff1be42217c1f111cb7d49797746034da014e7e003072548154ae6b0a5e|dac67a57e52acd4ac81272a61b0821e253839e353cdd0abce1bbb71a15d28a0c,NonVulnerable
04567b0f4a4a1e5e9beae21c8b7ad4bf0e455263edb3f3c5b1ad6a18c0f513f1,3,8787d67cf3074d347e31e0cf619601482d9569e9e94b499663d0ced932a1aeb9,8787d67cf3074d347e31e0cf619601482d9569e9e94b499663d0ced932a1aeb9|a4d4d41fa45fd55a367f9d67f8bc8ef474958fa0bcab39afe3d8a3eaba01ef48|ba1ed78b50980340aebf6ee60ca7536089379dff990e06f3a6a04ad5b0801c24,"IntegerUO,NonVulnerable"
ba8d90f280371626086af5bad144c6e7c51a1c03c7c4b75a4e4f0f421c0f79f2,3,a03833fea4ec5c47f10db407a8cc04fc1adfe983898398034701ce7bd82e283f,a03833fea4ec5c47f10db407a8cc04fc1adfe983898398034701ce7bd82e283f|a81ffeedece115671a0e4cef62ac34a3ea29f3d20e6d101f287e374358f0d3aa|e3b7c6c1f1d7cc25ea8e2b0c42a19894e02c7c21365694f72ab5ba5746979d11,"IntegerUO,NonVulnerable"
2487483d6fc7631c82171538987607064bc313ea5fdb8daf696c0dee5ae3217f,3,afb2454140b06b760d154c90ac1bff8406c3edc56d7f796f195b3fc971a4b1de,afb2454140b06b760d154c90ac1bff8406c3edc56d7f796f195b3fc971a4b1de|bd8948a0b07303d51eb6f8888afddc82198688d9016ce0ae4293756f8a477667|de5138eae109099e8d4be3f2ae8e1cac498d1045610803454ba0a0b3986eb2ce,"CallToUnknown,NonVulnerable"
1cf392f9e4aefba8dc13d9cc77467e133978707366f9b8b810b2623a66db15cb,3,afe2c7e0fedb002a98222a9dac93a9ac5b4542d8d175611d3d6896b7b506786d,afe2c7e0fedb002a98222a9dac93a9ac5b4542d8d175611d3d6896b7b506786d|b09df24a4db34760970663989bec09ca804d59216fee6d768a69deb23a4a2591|eb49f4f0ff8ec92054c97322b6e9f8d8d590f018661c28eca9a45717581218bd,"CallToUnknown,IntegerUO"
18aa5c15ec2559d1008361d0e04483a5fce22eac85e2456d11bbb0bd689cac9e,3,bfb972400175fb0f610bee12f93450b1f1abb769e8eb2e6617cf0594a961e5de,bfb972400175fb0f610bee12f93450b1f1abb769e8eb2e6617cf0594a961e5de|e20420d81af2b5d92184dc7f495844de521f29c06d369812ca6a44a77937be6a|f4f4d573eb010c2c3be85a3bc0dadee16d746ad679e370a259e640e7aadf7cc6,"ExternalBug,IntegerUO,NonVulnerable"
1cfd92bf9464ea9ccbed9e6a43689da867a025b6e21ae3117eb52fc73498dd1b,3,dec0df83be934ad9ed47fd1cb197a4b91dfad05ba054be16cb6df88c31b66054,dec0df83be934ad9ed47fd1cb197a4b91dfad05ba054be16cb6df88c31b66054|f4bc5b02611920c9786b38eab55a5a1f4755116c064ba129646de76c53091444|ff854596f0ebfdfcc3845d6e0b7f01389621577fa3f0e968e4de5007d075bb49,"IntegerUO,NonVulnerable"
